frequency,V(LPF) (Phase),V(LPF) (Verstärkung),
10,-3.61033,0.0168682,
10.2329,-3.69488,0.017673,
10.4713,-3.78143,0.0185154,
10.7152,-3.87004,0.0193974,
10.9648,-3.96075,0.0203208,
11.2202,-4.05361,0.0212875,
11.4815,-4.14868,0.0222995,
11.749,-4.24601,0.0233589,
12.0226,-4.34565,0.024468,
12.3027,-4.44767,0.025629,
12.5893,-4.55213,0.0268444,
12.8825,-4.65907,0.0281167,
13.1826,-4.76858,0.0294486,
13.4896,-4.8807,0.0308427,
13.8038,-4.99551,0.0323021,
14.1254,-5.11308,0.0338297,
14.4544,-5.23347,0.0354287,
14.7911,-5.35676,0.0371024,
15.1356,-5.48302,0.0388542,
15.4882,-5.61233,0.0406878,
15.8489,-5.74477,0.0426069,
16.2181,-5.88041,0.0446156,
16.5959,-6.01934,0.0467178,
16.9824,-6.16165,0.0489179,
17.378,-6.30743,0.0512205,
17.7828,-6.45676,0.0536301,
18.197,-6.60975,0.0561518,
18.6209,-6.76648,0.0587906,
19.0546,-6.92707,0.061552,
19.4984,-7.09161,0.0644414,
19.9526,-7.26021,0.0674647,
20.4174,-7.43298,0.0706281,
20.893,-7.61004,0.0739378,
21.3796,-7.79151,0.0774005,
21.8776,-7.97751,0.0810231,
22.3872,-8.16817,0.0848129,
22.9087,-8.36362,0.0887772,
23.4423,-8.56399,0.092924,
23.9883,-8.76943,0.0972614,
24.5471,-8.98009,0.101798,
25.1189,-9.19611,0.106542,
25.704,-9.41766,0.111504,
26.3027,-9.64491,0.116692,
26.9153,-9.87801,0.122117,
27.5423,-10.1172,0.127789,
28.1838,-10.3625,0.133719,
28.8403,-10.6143,0.139918,
29.5121,-10.8727,0.146398,
30.1995,-11.138,0.15317,
30.903,-11.4102,0.160248,
31.6228,-11.6898,0.167643,
32.3594,-11.9769,0.17537,
33.1131,-12.2717,0.183443,
33.8844,-12.5745,0.191875,
34.6737,-12.8857,0.200681,
35.4813,-13.2054,0.209877,
36.3078,-13.534,0.219478,
37.1535,-13.8717,0.229501,
38.0189,-14.219,0.239962,
38.9045,-14.5761,0.250878,
39.8107,-14.9435,0.262266,
40.738,-15.3214,0.274145,
41.6869,-15.7103,0.286532,
42.658,-16.1106,0.299445,
43.6516,-16.5227,0.312904,
44.6684,-16.9472,0.326928,
45.7088,-17.3844,0.341534,
46.7735,-17.8349,0.356742,
47.863,-18.2993,0.372571,
48.9779,-18.778,0.389039,
50.1187,-19.2718,0.406165,
51.2861,-19.7813,0.423967,
52.4807,-20.307,0.442461,
53.7032,-20.8498,0.461663,
54.9541,-21.4104,0.481589,
56.2341,-21.9895,0.502252,
57.544,-22.5881,0.523663,
58.8844,-23.207,0.545832,
60.256,-23.8471,0.568764,
61.6595,-24.5095,0.592464,
63.0957,-25.1951,0.616931,
64.5654,-25.9052,0.64216,
66.0693,-26.6409,0.66814,
67.6083,-27.4035,0.694856,
69.1831,-28.1942,0.722282,
70.7946,-29.0145,0.750389,
72.4436,-29.8659,0.779133,
74.131,-30.75,0.808462,
75.8578,-31.6683,0.838312,
77.6247,-32.6226,0.868601,
79.4328,-33.6148,0.899234,
81.2831,-34.6467,0.930094,
83.1764,-35.7204,0.961046,
85.1138,-36.8379,0.991927,
87.0964,-38.0014,1.02255,
89.1251,-39.2132,1.05269,
91.2011,-40.4755,1.08211,
93.3254,-41.7908,1.11049,
95.4993,-43.1613,1.13752,
97.7237,-44.5896,1.16281,
100,-46.078,1.18593,
102.329,-47.6287,1.20639,
104.713,-49.2441,1.22365,
107.152,-50.9263,1.2371,
109.648,-52.677,1.24606,
112.202,-54.498,1.2498,
114.815,-56.3903,1.24751,
117.49,-58.355,1.23832,
120.226,-60.3922,1.22129,
123.027,-62.5016,1.19544,
125.893,-64.6822,1.15975,
128.825,-66.932,1.11313,
131.826,-69.2484,1.05452,
134.896,-71.6277,0.982852,
138.038,-74.0651,0.897074,
141.254,-76.5551,0.796202,
144.544,-79.091,0.679333,
147.911,-81.6651,0.545673,
151.356,-84.2693,0.394562,
154.882,-86.8945,0.225503,
158.489,-89.5313,0.0381723,
162.181,-92.17,-0.167563,
165.959,-94.8007,-0.391643,
169.824,-97.4139,-0.633815,
173.78,-100.001,-0.893645,
177.828,-102.552,-1.17053,
181.97,-105.06,-1.46373,
186.209,-107.518,-1.77237,
190.546,-109.92,-2.09549,
194.984,-112.261,-2.43208,
199.526,-114.537,-2.78107,
204.174,-116.744,-3.14137,
208.93,-118.88,-3.51193,
213.796,-120.945,-3.89169,
218.776,-122.938,-4.27965,
223.872,-124.858,-4.67485,
229.087,-126.706,-5.07641,
234.423,-128.483,-5.48348,
239.883,-130.192,-5.89531,
245.471,-131.832,-6.31119,
251.189,-133.408,-6.7305,
257.04,-134.92,-7.15266,
263.027,-136.371,-7.57717,
269.153,-137.764,-8.00357,
275.423,-139.101,-8.43147,
281.838,-140.383,-8.86052,
288.403,-141.615,-9.2904,
295.121,-142.797,-9.72085,
301.995,-143.932,-10.1516,
309.03,-145.023,-10.5826,
316.228,-146.071,-11.0134,
323.594,-147.079,-11.4442,
331.131,-148.049,-11.8746,
338.844,-148.981,-12.3046,
346.737,-149.879,-12.7341,
354.813,-150.744,-13.163,
363.078,-151.577,-13.5913,
371.535,-152.38,-14.019,
380.189,-153.154,-14.4459,
389.045,-153.901,-14.8722,
398.107,-154.622,-15.2976,
407.38,-155.318,-15.7224,
416.869,-155.99,-16.1463,
426.58,-156.64,-16.5695,
436.516,-157.269,-16.9919,
446.684,-157.876,-17.4136,
457.088,-158.464,-17.8345,
467.735,-159.033,-18.2546,
478.63,-159.584,-18.674,
489.779,-160.118,-19.0927,
501.187,-160.636,-19.5108,
512.861,-161.137,-19.9281,
524.807,-161.623,-20.3447,
537.032,-162.095,-20.7607,
549.541,-162.553,-21.1761,
562.341,-162.997,-21.5909,
575.44,-163.428,-22.005,
588.844,-163.847,-22.4186,
602.56,-164.254,-22.8317,
616.595,-164.65,-23.2442,
630.957,-165.034,-23.6562,
645.654,-165.408,-24.0676,
660.693,-165.771,-24.4786,
676.083,-166.125,-24.8892,
691.831,-166.468,-25.2993,
707.946,-166.803,-25.7089,
724.436,-167.129,-26.1181,
741.31,-167.446,-26.527,
758.578,-167.755,-26.9354,
776.247,-168.056,-27.3435,
794.328,-168.349,-27.7512,
812.831,-168.634,-28.1586,
831.764,-168.912,-28.5656,
851.138,-169.184,-28.9724,
870.964,-169.448,-29.3788,
891.251,-169.706,-29.7849,
912.011,-169.957,-30.1908,
933.254,-170.202,-30.5964,
954.993,-170.441,-31.0017,
977.237,-170.674,-31.4068,
1000,-170.902,-31.8116,
